{
  "seen_char_seen_motion": {
    "num_sequences": 3489,
    "student_mse_to_gt": {
      "mean": 103.62237361146036,
      "std": 219.95185683587025
    },
    "teacher_mse_to_gt": {
      "mean": 101.67754450277141,
      "std": 220.76556655856706
    },
    "student_teacher_mse": {
      "mean": 2.9733253603218617,
      "std": 1.113743409053646
    },
    "student_foot_contact": {
      "mean": 0.4058581106696772,
      "std": 2.1130472838721666
    },
    "teacher_foot_contact": {
      "mean": 0.40919965484995874,
      "std": 2.1175460683470506
    }
  },
  "seen_char_unseen_motion": {
    "num_sequences": 923,
    "student_mse_to_gt": {
      "mean": 76.06511833997591,
      "std": 123.12085226222054
    },
    "teacher_mse_to_gt": {
      "mean": 74.20418993026435,
      "std": 123.14159288896165
    },
    "student_teacher_mse": {
      "mean": 3.1056341051813634,
      "std": 1.2252218907731613
    },
    "student_foot_contact": {
      "mean": 0.29535379175459564,
      "std": 2.018938638602245
    },
    "teacher_foot_contact": {
      "mean": 0.2977634816303285,
      "std": 1.9792708963839123
    }
  },
  "unseen_char_seen_motion": {
    "num_sequences": 878,
    "student_mse_to_gt": {
      "mean": 56.290217993622754,
      "std": 173.9550637696816
    },
    "teacher_mse_to_gt": {
      "mean": 69.73560339491063,
      "std": 170.66041601591576
    },
    "student_teacher_mse": {
      "mean": 9.851164338117407,
      "std": 4.190071189072267
    },
    "student_foot_contact": {
      "mean": 0.37147065516309685,
      "std": 1.9782026581656746
    },
    "teacher_foot_contact": {
      "mean": 0.3769428401164437,
      "std": 1.9962837700301008
    }
  },
  "unseen_char_unseen_motion": {
    "num_sequences": 232,
    "student_mse_to_gt": {
      "mean": 31.59287704681826,
      "std": 77.24403960452057
    },
    "teacher_mse_to_gt": {
      "mean": 47.06243732961405,
      "std": 83.11392618676744
    },
    "student_teacher_mse": {
      "mean": 10.445185104834096,
      "std": 4.7139061183557205
    },
    "student_foot_contact": {
      "mean": 0.2178420230099674,
      "std": 1.2519188135632047
    },
    "teacher_foot_contact": {
      "mean": 0.22472327450557628,
      "std": 1.2701479059116783
    }
  }
}