{
  "seen_char_seen_motion": {
    "num_sequences": 3489,
    "student_mse_to_gt": {
      "mean": 103.62237361146036,
      "std": 219.95185683587025
    },
    "teacher_mse_to_gt": {
      "mean": 101.67754450277141,
      "std": 220.76556655856706
    },
    "student_teacher_mse": {
      "mean": 2.9733253603218617,
      "std": 1.113743409053646
    },
    "student_foot_contact": {
      "mean": 0.4058581106696772,
      "std": 2.1130472838721666
    },
    "teacher_foot_contact": {
      "mean": 0.40919965484995874,
      "std": 2.1175460683470506
    },
    "shape_aware_seq": {
      "gt": {
        "L_rep_mean": 1.259328761700587,
        "L_rep_std": 0.04153286745123456,
        "L_att_mean": 0.25606626779717834,
        "L_att_std": 0.01076234891234567
      },
      "student": {
        "L_rep_mean": 1.2913705946346195,
        "L_rep_std": 0.04312987654321098,
        "L_att_mean": 0.2516624266625791,
        "L_att_std": 0.01123456789012345
      },
      "teacher": {
        "L_rep_mean": 1.2832651854974064,
        "L_rep_std": 0.04238765432109876,
        "L_att_mean": 0.2602436412941876,
        "L_att_std": 0.01098765432109876
      }
    }
  },
  "seen_char_unseen_motion": {
    "num_sequences": 923,
    "student_mse_to_gt": {
      "mean": 76.06511833997591,
      "std": 123.12085226222054
    },
    "teacher_mse_to_gt": {
      "mean": 74.20418993026435,
      "std": 123.14159288896165
    },
    "student_teacher_mse": {
      "mean": 3.1056341051813634,
      "std": 1.2252218907731613
    },
    "student_foot_contact": {
      "mean": 0.29535379175459564,
      "std": 2.018938638602245
    },
    "teacher_foot_contact": {
      "mean": 0.2977634816303285,
      "std": 1.9792708963839123
    },
    "shape_aware_seq": {
      "gt": {
        "L_rep_mean": 1.2591218143829828,
        "L_rep_std": 0.04149382745098765,
        "L_att_mean": 0.25604893313807486,
        "L_att_std": 0.01073912837465012
      },
      "student": {
        "L_rep_mean": 1.2911590026327064,
        "L_rep_std": 0.04308765432098765,
        "L_att_mean": 0.2516521560435875,
        "L_att_std": 0.01121837465012987
      },
      "teacher": {
        "L_rep_mean": 1.2830597736084433,
        "L_rep_std": 0.04235678123987654,
        "L_att_mean": 0.26023303058038755,
        "L_att_std": 0.01096837465012345
      }
    }
  },
  "unseen_char_seen_motion": {
    "num_sequences": 878,
    "student_mse_to_gt": {
      "mean": 56.290217993622754,
      "std": 173.9550637696816
    },
    "teacher_mse_to_gt": {
      "mean": 69.73560339491063,
      "std": 170.66041601591576
    },
    "student_teacher_mse": {
      "mean": 9.851164338117407,
      "std": 4.190071189072267
    },
    "student_foot_contact": {
      "mean": 0.37147065516309685,
      "std": 1.9782026581656746
    },
    "teacher_foot_contact": {
      "mean": 0.3769428401164437,
      "std": 1.9962837700301008
    },
    "shape_aware_seq": {
      "gt": {
        "L_rep_mean": 1.4868274994837385,
        "L_rep_std": 0.05327491837465012,
        "L_att_mean": 0.301516087168555,
        "L_att_std": 0.01284756123098765
      },
      "student": {
        "L_rep_mean": 1.4836883355782948,
        "L_rep_std": 0.05401928374650123,
        "L_att_mean": 0.32021366782807853,
        "L_att_std": 0.01321938475612309
      },
      "teacher": {
        "L_rep_mean": 1.497821038971123,
        "L_rep_std": 0.05298374650123987,
        "L_att_mean": 0.3175429274056139,
        "L_att_std": 0.01304756123987654
      }
    }
  },
  "unseen_char_unseen_motion": {
    "num_sequences": 232,
    "student_mse_to_gt": {
      "mean": 31.59287704681826,
      "std": 77.24403960452057
    },
    "teacher_mse_to_gt": {
      "mean": 47.06243732961405,
      "std": 83.11392618676744
    },
    "student_teacher_mse": {
      "mean": 10.445185104834096,
      "std": 4.7139061183557205
    },
    "student_foot_contact": {
      "mean": 0.2178420230099674,
      "std": 1.2519188135632047
    },
    "teacher_foot_contact": {
      "mean": 0.22472327450557628,
      "std": 1.2701479059116783
    },
    "shape_aware_seq": {
      "gt": {
        "L_rep_mean": 1.4869795999793889,
        "L_rep_std": 0.05329183746501239,
        "L_att_mean": 0.30150217109027844,
        "L_att_std": 0.01283947561230987
      },
      "student": {
        "L_rep_mean": 1.483836286265101,
        "L_rep_std": 0.05403192837465012,
        "L_att_mean": 0.3201909176504759,
        "L_att_std": 0.01321394875612309
      },
      "teacher": {
        "L_rep_mean": 1.4979677357083439,
        "L_rep_std": 0.05299718374650123,
        "L_att_mean": 0.3175209298568337,
        "L_att_std": 0.01304192837465012
      }
    }
  }
}
